,Field,Data type,Expected range,Manufacturers,Sample of Values,Numbre of Values,Date_type,Date_format,Date_only_one_format,Text_type,Used Values,% valid varchar,Valid varchar count,Total varchar values,Numeric_type,Numbre of Numeric Values,Min,Max,Percentage of values within range,% are boolean,Numbre of Boolean Values,Boolean_type,boolean_formats
0,MDC_IDC_SESS_DTM,Datetime,,p1_abbott,"['20250311040016', '20250325060035', '20250318055721']",3,True,{'%Y%m%d%H%M%S'},True,,,,,,,,,,,,,,
1,MDC_IDC_SESS_TYPE,Varchar,,p1_abbott,['RemoteScheduled'],1,,,,True,['RemoteScheduled'],0.0,0.0,6.0,,,,,,,,,
2,MDC_IDC_DEV_TYPE,Varchar,,p1_abbott,['IPG'],1,,,,True,['IPG'],0.0,0.0,6.0,,,,,,,,,
3,MDC_IDC_DEV_MFG,Varchar,,p1_abbott,['Abbott'],1,,,,True,['Abbott'],0.0,0.0,6.0,,,,,,,,,
4,MDC_IDC_DEV_MODEL,Varchar,,p1_abbott,['2272 Assurity MRI(TM)'],1,,,,True,['2272 Assurity MRI(TM)'],0.0,0.0,6.0,,,,,,,,,
5,MDC_IDC_DEV_SERIAL,Varchar,,p1_abbott,['6700726'],1,,,,True,['6700726'],0.0,0.0,6.0,,,,,,,,,
6,MDC_IDC_DEV_IMPLANT_DT,Date,Fecha válida,p1_abbott,['20230321000000'],1,True,{'%Y%m%d%H%M%S'},True,,,,,,,,,,,,,,
7,MDC_IDC_MSMT_BATTERY_DTM,Datetime,,p1_abbott,"['20250310214912', '20250324075005', '20250317144939']",3,True,{'%Y%m%d%H%M%S'},True,,,,,,,,,,,,,,
8,MDC_IDC_MSMT_BATTERY_STATUS,Varchar,,p1_abbott,['754116^MDC_IDC_ENUM_BATTERY_STATUS_MOS^MDC'],1,,,,True,['754116^MDC_IDC_ENUM_BATTERY_STATUS_MOS^MDC'],0.0,0.0,6.0,,,,,,,,,
9,MDC_IDC_MSMT_BATTERY_REMAINING_PERCENTAGE,Numeric,0–100%,p1_abbott,"[83.0, 82.0]",2,,,,,,,,,True,6.0,82.0,83.0,100.0,,,,
10,MDC_IDC_MSMT_BATTERY_REMAINING_LONGEVITY,Numeric,,p1_abbott,"[96.0, 90.0, 61.0]",3,,,,,,,,,True,6.0,61.0,96.0,,,,,
11,MDC_IDC_MSMT_BATTERY_VOLTAGE,Numeric,,p1_abbott,"[3.01, 2.99]",2,,,,,,,,,True,6.0,2.99,3.01,,,,,
12,MDC_IDC_MSMT_BATTERY_RRT_TRIGGER,Boolean,,p1_abbott,['When current voltage < 2.6 volts'],1,,,,,,,,,,,,,,0.0,0.0,True,['When current voltage < 2.6 volts']
13,MDC_IDC_SET_BRADY_MODE,Varchar,,p1_abbott,['DDD'],1,,,,True,['DDD'],0.0,0.0,6.0,,,,,,,,,
14,MDC_IDC_SET_BRADY_LOWRATE,Numeric,30–70 bpm,p1_abbott,[60.0],1,,,,,,,,,True,6.0,60.0,60.0,100.0,,,,
15,MDC_IDC_SET_BRADY_MAX_TRACKING_RATE,Numeric,,p1_abbott,[125.0],1,,,,,,,,,True,6.0,125.0,125.0,,,,,
16,MDC_IDC_SET_BRADY_MAX_SENSOR_RATE,Numeric,,p1_abbott,[115.0],1,,,,,,,,,True,6.0,115.0,115.0,,,,,
17,MDC_IDC_SET_LEADCHNL_RA_SENSING_SENSITIVITY,Numeric,0.5–5.0 mV,p1_abbott,['0.5'],1,,,,,,,,,True,6.0,0.5,0.5,100.0,,,,
18,MDC_IDC_SET_LEADCHNL_RV_SENSING_SENSITIVITY,Numeric,0.5–5.0 mV,p1_abbott,['2.0'],1,,,,,,,,,True,6.0,2.0,2.0,100.0,,,,
19,MDC_IDC_SET_LEADCHNL_RA_SENSING_POLARITY,Varchar,Unipolar/Bipolar,p1_abbott,['BI'],1,,,,True,['BI'],0.0,0.0,6.0,,,,,,,,,
20,MDC_IDC_SET_LEADCHNL_RV_SENSING_POLARITY,Varchar,Unipolar/Bipolar,p1_abbott,['BI'],1,,,,True,['BI'],0.0,0.0,6.0,,,,,,,,,
21,MDC_IDC_SET_LEADCHNL_RA_PACING_AMPLITUDE,Numeric,0.5–7.5 V,p1_abbott,[1.625],1,,,,,,,,,True,6.0,1.625,1.625,100.0,,,,
22,MDC_IDC_SET_LEADCHNL_RV_PACING_AMPLITUDE,Numeric,0.5–7.5 V,p1_abbott,"[1.125, 1.5, 5.0]",3,,,,,,,,,True,6.0,1.125,5.0,100.0,,,,
23,MDC_IDC_SET_LEADCHNL_RA_PACING_POLARITY,Varchar,Unipolar/Bipolar,p1_abbott,['BI'],1,,,,True,['BI'],0.0,0.0,6.0,,,,,,,,,
24,MDC_IDC_SET_LEADCHNL_RV_PACING_POLARITY,Varchar,Unipolar/Bipolar,p1_abbott,['BI'],1,,,,True,['BI'],0.0,0.0,6.0,,,,,,,,,
25,MDC_IDC_SET_LEADCHNL_RA_PACING_PULSEWIDTH,Numeric,0.1–1.0 ms,p1_abbott,[0.4],1,,,,,,,,,True,6.0,0.4,0.4,100.0,,,,
26,MDC_IDC_SET_LEADCHNL_RV_PACING_PULSEWIDTH,Numeric,0.1–1.0 ms,p1_abbott,[0.4],1,,,,,,,,,True,6.0,0.4,0.4,100.0,,,,
27,MDC_IDC_MSMT_LEADCHNL_RA_LEAD_CHANNEL_STATUS,Varchar,"OK, fallo, alerta",p1_abbott,['754242^MDC_IDC_ENUM_CHANNEL_STATUS_Null^MDC'],1,,,,True,['754242^MDC_IDC_ENUM_CHANNEL_STATUS_Null^MDC'],0.0,0.0,6.0,,,,,,,,,
28,MDC_IDC_MSMT_LEADCHNL_RV_LEAD_CHANNEL_STATUS,Varchar,"OK, fallo, alerta",p1_abbott,['754242^MDC_IDC_ENUM_CHANNEL_STATUS_Null^MDC'],1,,,,True,['754242^MDC_IDC_ENUM_CHANNEL_STATUS_Null^MDC'],0.0,0.0,6.0,,,,,,,,,
29,MDC_IDC_MSMT_LEADCHNL_RA_IMPEDANCE_VALUE,Numeric,200–2000 Ohms,p1_abbott,"[380.0, 360.0]",2,,,,,,,,,True,6.0,360.0,380.0,100.0,,,,
30,MDC_IDC_MSMT_LEADCHNL_RV_IMPEDANCE_VALUE,Numeric,,p1_abbott,"[530.0, 490.0]",2,,,,,,,,,True,6.0,490.0,530.0,,,,,
31,MDC_IDC_MSMT_LEADCHNL_RA_SENSING_INTR_AMPL,Numeric,0.1–10.0 mV,p1_abbott,"[3.6, 3.1, 3.2]",3,,,,,,,,,True,6.0,3.1,3.6,100.0,,,,
32,MDC_IDC_MSMT_LEADCHNL_RV_SENSING_INTR_AMPL,Numeric,0.1–20.0 mV,p1_abbott,"[11.1, 11.7, 10.9]",3,,,,,,,,,True,6.0,10.9,11.7,100.0,,,,
33,MDC_IDC_MSMT_LEADCHNL_RA_PACING_THRESHOLD_AMPLITUDE,Numeric,0.25–5.0 V,p1_abbott,[0.625],1,,,,,,,,,True,6.0,0.625,0.625,100.0,,,,
34,MDC_IDC_MSMT_LEADCHNL_RV_PACING_THRESHOLD_AMPLITUDE,Numeric,0.25–5.0 V,p1_abbott,"[0.875, 1.25, 3.75]",3,,,,,,,,,True,6.0,0.875,3.75,100.0,,,,
35,MDC_IDC_MSMT_LEADCHNL_RA_PACING_THRESHOLD_PULSEWIDTH,Numeric,0.1–1.0 ms,p1_abbott,[0.4],1,,,,,,,,,True,6.0,0.4,0.4,100.0,,,,
36,MDC_IDC_MSMT_LEADCHNL_RV_PACING_THRESHOLD_PULSEWIDTH,Numeric,0.1–1.0 ms,p1_abbott,[0.4],1,,,,,,,,,True,6.0,0.4,0.4,100.0,,,,
37,MDC_IDC_STAT_BRADY_RA_PERCENT_PACED,Numeric,0–100%,p1_abbott,"[9.3, 10.0, 9.9]",3,,,,,,,,,True,6.0,9.3,10.0,100.0,,,,
38,MDC_IDC_STAT_BRADY_RV_PERCENT_PACED,Numeric,0–100%,p1_abbott,"[57.0, 59.0, 58.0]",3,,,,,,,,,True,6.0,57.0,59.0,100.0,,,,
39,MDC_IDC_STAT_BRADY_AS_VS_PERCENT,Numeric,0–100%,p1_abbott,"[34.0, 30.0, 32.0]",3,,,,,,,,,True,6.0,30.0,34.0,100.0,,,,
40,MDC_IDC_STAT_BRADY_AP_VS_PERCENT,Numeric,0–100%,p1_abbott,"[10.0, 11.0]",2,,,,,,,,,True,6.0,10.0,11.0,100.0,,,,
41,MDC_IDC_STAT_BRADY_AS_VP_PERCENT,Numeric,0–100%,p1_abbott,"[55.0, 57.0, 56.0]",3,,,,,,,,,True,6.0,55.0,57.0,100.0,,,,
42,MDC_IDC_STAT_BRADY_AP_VP_PERCENT,Numeric,0–100%,p1_abbott,"[1.0, 1.1]",2,,,,,,,,,True,6.0,1.0,1.1,100.0,,,,
43,MDC_IDC_STAT_TACHYTHERAPY_RECENT_DTM_START,Datetime,Fecha válida,p1_abbott,"[20241214020524.0, 20241214020617.0, 20241214020551.0]",3,True,{'NO_MATCH'},False,,,,,,,,,,,,,,
44,MDC_IDC_STAT_TACHYTHERAPY_RECENT_DTM_END,Datetime,Fecha válida,p1_abbott,"[20250311040016.0, 20250325060035.0, 20250318055721.0]",3,True,{'NO_MATCH'},False,,,,,,,,,,,,,,
45,MDC_IDC_STAT_AT_DTM_START,Datetime,Fecha válida,p1_abbott,"['20241214020524', '20241214020617', '20241214020551']",3,True,{'%Y%m%d%H%M%S'},True,,,,,,,,,,,,,,
46,MDC_IDC_STAT_AT_DTM_END,Datetime,Fecha válida,p1_abbott,"['20250311040120', '20250325060139', '20250318055825']",3,True,{'%Y%m%d%H%M%S'},True,,,,,,,,,,,,,,
47,MDC_IDC_STAT_AT_BURDEN_PERCENT,Numeric,0–100%,p1_abbott,"[7.0, 6.0]",2,,,,,,,,,True,6.0,6.0,7.0,100.0,,,,
48,MDC_IDC_STAT_AT_MODE_SW_COUNT,Integer,≥ 0,p1_abbott,[23.0],1,,,,,,,,,True,6.0,23.0,23.0,,,,,
49,MDC_IDC_STAT_AT_MODE_SW_MAX_DURATION,Numeric,Segundos o minutos,p1_abbott,[219202.0],1,,,,,,,,,True,6.0,219202.0,219202.0,,,,,
50,CLINIC_NAME,Varchar,Nombre del centro médico,p2_biotronik,['Hospital Universitario de Gran Canaria Dr. Negrin'],1,,,,True,['Hospital Universitario de Gran Canaria Dr. Negrin'],0.0,0.0,8.0,,,,,,,,,
51,MANUFACTURER_PRIORITY,Varchar/Integer,Interno; sin rango definido,p2_biotronik,['Amarillo'],1,,,,True,['Amarillo'],0.0,0.0,8.0,,,,,,,,,
52,MDC_IDC_SESS_DTM,Datetime,,p2_biotronik,"['20250327T004916+0000', '20250223T220731+0000', '20250320T220247+0000']",4,True,{'%Y%m%dT%H%M%S%z'},True,,,,,,,,,,,,,,
53,MDC_IDC_SESS_TYPE,Varchar,,p2_biotronik,['Remote'],1,,,,True,['Remote'],0.0,0.0,8.0,,,,,,,,,
54,MDC_IDC_DEV_TYPE,Varchar,,p2_biotronik,['IPG'],1,,,,True,['IPG'],0.0,0.0,8.0,,,,,,,,,
55,MDC_IDC_DEV_MFG,Varchar,,p2_biotronik,['Biotronik'],1,,,,True,['Biotronik'],0.0,0.0,8.0,,,,,,,,,
56,MDC_IDC_DEV_MODEL,Varchar,,p2_biotronik,"['Epyra 6 SR-T', 'Enitra 6 SR-T']",2,,,,True,"['Epyra 6 SR-T', 'Enitra 6 SR-T']",0.0,0.0,8.0,,,,,,,,,
57,MDC_IDC_DEV_SERIAL,Varchar,,p2_biotronik,"['68948906', '1000096403', '70402737']",4,,,,True,"['68948906', '1000096403', '70402737', '69986066']",0.0,0.0,8.0,,,,,,,,,
58,MDC_IDC_DEV_IMPLANT_DT,Date,Fecha válida,p2_biotronik,"['20180601T000000', '20231221T000000', '20230525T000000']",4,True,{'%Y%m%dT%H%M%S'},True,,,,,,,,,,,,,,
59,MDC_IDC_MSMT_BATTERY_DTM,Datetime,,p2_biotronik,"['20250327T012600', '20250224T012300', '20250321T015700']",4,True,{'%Y%m%dT%H%M%S'},True,,,,,,,,,,,,,,
60,MDC_IDC_MSMT_BATTERY_STATUS,Varchar,,p2_biotronik,['MOS'],1,,,,True,['MOS'],0.0,0.0,8.0,,,,,,,,,
61,MDC_IDC_MSMT_BATTERY_REMAINING_PERCENTAGE,Numeric,0–100%,p2_biotronik,"[65.0, 90.0, 80.0]",3,,,,,,,,,True,8.0,65.0,90.0,100.0,,,,
62,MDC_IDC_SET_BRADY_MODE,Varchar,,p2_biotronik,"['VVIR', 'VVI']",2,,,,True,"['VVIR', 'VVI']",0.0,0.0,8.0,,,,,,,,,
63,MDC_IDC_SET_BRADY_LOWRATE,Numeric,30–70 bpm,p2_biotronik,"[60.0, 70.0]",2,,,,,,,,,True,8.0,60.0,70.0,100.0,,,,
64,MDC_IDC_SET_BRADY_MAX_SENSOR_RATE,Numeric,,p2_biotronik,"[110.0, 120.0]",2,,,,,,,,,True,6.0,110.0,120.0,,,,,
65,MDC_IDC_SET_LEADCHNL_RV_SENSING_POLARITY,Varchar,Unipolar/Bipolar,p2_biotronik,['BI'],1,,,,True,['BI'],0.0,0.0,8.0,,,,,,,,,
66,MDC_IDC_SET_LEADCHNL_RV_PACING_AMPLITUDE,Numeric,0.5–7.5 V,p2_biotronik,"[1.3, 1.7, 1.1]",4,,,,,,,,,True,8.0,1.1,3.0,100.0,,,,
67,MDC_IDC_SET_LEADCHNL_RV_PACING_PULSEWIDTH,Numeric,0.1–1.0 ms,p2_biotronik,[0.4],1,,,,,,,,,True,8.0,0.4,0.4,100.0,,,,
68,MDC_IDC_MSMT_LEADCHNL_RV_LEAD_CHANNEL_STATUS,Varchar,"OK, fallo, alerta",p2_biotronik,['Null'],1,,,,True,['Null'],0.0,0.0,8.0,,,,,,,,,
69,MDC_IDC_MSMT_LEADCHNL_RV_IMPEDANCE_VALUE,Numeric,,p2_biotronik,"[410.0, 293.0, 332.0]",3,,,,,,,,,True,8.0,293.0,410.0,,,,,
70,MDC_IDC_MSMT_LEADCHNL_RV_SENSING_INTR_AMPL,Numeric,0.1–20.0 mV,p2_biotronik,"[13.8, 2.6, 8.5]",3,,,,,,,,,True,8.0,2.6,13.8,100.0,,,,
71,MDC_IDC_MSMT_LEADCHNL_RV_PACING_THRESHOLD_AMPLITUDE,Numeric,0.25–5.0 V,p2_biotronik,"[0.8, 1.2, 0.6]",3,,,,,,,,,True,8.0,0.6,1.2,100.0,,,,
72,MDC_IDC_MSMT_LEADCHNL_RV_PACING_THRESHOLD_PULSEWIDTH,Numeric,0.1–1.0 ms,p2_biotronik,[0.4],1,,,,,,,,,True,8.0,0.4,0.4,100.0,,,,
73,MDC_IDC_STAT_BRADY_RV_PERCENT_PACED,Numeric,0–100%,p2_biotronik,"[34.0, 12.0, 97.0]",4,,,,,,,,,True,8.0,12.0,97.0,100.0,,,,
74,MDC_IDC_SESS_DTM,Datetime,,p3_boston_scientific,"['20250403233200+0000', '20250403233400+0000', '20250403215000+0000']",3,True,{'%Y%m%d%H%M%S%z'},True,,,,,,,,,,,,,,
75,MDC_IDC_DEV_TYPE,Varchar,,p3_boston_scientific,"['TRC-D', 'DAI', 'S-ICD']",3,,,,True,"['TRC-D', 'DAI', 'S-ICD']",0.0,0.0,6.0,,,,,,,,,
76,MDC_IDC_DEV_MFG,Varchar,,p3_boston_scientific,['Boston Scientific'],1,,,,True,['Boston Scientific'],0.0,0.0,6.0,,,,,,,,,
77,MDC_IDC_DEV_MODEL,Varchar,,p3_boston_scientific,"['RESONATE CRT-D', 'VIGILANT EL ICD', 'EMBLEM MRI S-ICD']",3,,,,True,"['RESONATE CRT-D', 'VIGILANT EL ICD', 'EMBLEM MRI S-ICD']",0.0,0.0,6.0,,,,,,,,,
78,MDC_IDC_DEV_SERIAL,Varchar,,p3_boston_scientific,"['526288', '619014', '140574']",3,,,,True,"['526288', '619014', '140574']",0.0,0.0,6.0,,,,,,,,,
79,MDC_IDC_DEV_IMPLANT_DT,Date,Fecha válida,p3_boston_scientific,"['20250401', '20220603', '20210729']",3,True,{'NO_MATCH'},False,,,,,,,,,,,,,,
80,MDC_IDC_MSMT_BATTERY_STATUS,Varchar,,p3_boston_scientific,"['OK Tiempo aprox. para el explante:> 8 años de 04 abr 2025', 'OK Tiempo aprox. para el explante:12 años de 04 abr 2025', 'OK']",3,,,,True,"['OK Tiempo aprox. para el explante:> 8 años de 04 abr 2025', 'OK Tiempo aprox. para el explante:12 años de 04 abr 2025', 'OK']",0.0,0.0,6.0,,,,,,,,,
81,MDC_IDC_MSMT_BATTERY_REMAINING_PERCENTAGE,Numeric,0–100%,p3_boston_scientific,"[100.0, 59.0]",2,,,,,,,,,True,6.0,59.0,100.0,100.0,,,,
82,MDC_IDC_SET_BRADY_MODE,Varchar,,p3_boston_scientific,['DDD'],1,,,,True,['DDD'],0.0,0.0,4.0,,,,,,,,,
83,MDC_IDC_SET_BRADY_LOWRATE,Numeric,30–70 bpm,p3_boston_scientific,"[50.0, 40.0]",2,,,,,,,,,True,4.0,40.0,50.0,100.0,,,,
84,MDC_IDC_SET_BRADY_MAX_TRACKING_RATE,Numeric,,p3_boston_scientific,[130.0],1,,,,,,,,,True,4.0,130.0,130.0,,,,,
85,MDC_IDC_SET_BRADY_MAX_SENSOR_RATE,Numeric,,p3_boston_scientific,[130.0],1,,,,,,,,,True,4.0,130.0,130.0,,,,,
86,MDC_IDC_SET_LEADCHNL_RA_SENSING_SENSITIVITY,Numeric,0.5–5.0 mV,p3_boston_scientific,['AGC 0.25'],1,,,,,,,,,,,,,,,,,
87,MDC_IDC_SET_LEADCHNL_RV_SENSING_SENSITIVITY,Numeric,0.5–5.0 mV,p3_boston_scientific,['AGC 0.6'],1,,,,,,,,,,,,,,,,,
88,MDC_IDC_SET_LEADCHNL_LV_SENSING_SENSITIVITY,Numeric,0.5–5.0 mV,p3_boston_scientific,['AGC 1.0'],1,,,,,,,,,,,,,,,,,
89,MDC_IDC_SESS_DTM,Datetime,,p4_medtronic,"['20220703083846+0000', '20220708115926+0000']",2,True,{'%Y%m%d%H%M%S%z'},True,,,,,,,,,,,,,,
90,MDC_IDC_SESS_TYPE,Varchar,,p4_medtronic,['Remote'],1,,,,True,['Remote'],0.0,0.0,4.0,,,,,,,,,
91,MDC_IDC_DEV_TYPE,Varchar,,p4_medtronic,['Pacemaker'],1,,,,True,['Pacemaker'],0.0,0.0,4.0,,,,,,,,,
92,MDC_IDC_DEV_MFG,Varchar,,p4_medtronic,['Medtronic'],1,,,,True,['Medtronic'],0.0,0.0,4.0,,,,,,,,,
93,MDC_IDC_DEV_MODEL,Varchar,,p4_medtronic,['ADDR01'],1,,,,True,['ADDR01'],0.0,0.0,4.0,,,,,,,,,
94,MDC_IDC_DEV_SERIAL,Varchar,,p4_medtronic,"['NWB871343S', 'NWB083596G']",2,,,,True,"['NWB871343S', 'NWB083596G']",0.0,0.0,4.0,,,,,,,,,
95,MDC_IDC_MSMT_BATTERY_DTM,Datetime,,p4_medtronic,"['20220703083846+0000', '20220708115926+0000']",2,True,{'%Y%m%d%H%M%S%z'},True,,,,,,,,,,,,,,
96,MDC_IDC_MSMT_BATTERY_STATUS,Varchar,,p4_medtronic,['OK'],1,,,,True,['OK'],0.0,0.0,4.0,,,,,,,,,
97,MDC_IDC_MSMT_BATTERY_REMAINING_LONGEVITY,Numeric,,p4_medtronic,"[1.0, 94.0]",2,,,,,,,,,True,4.0,1.0,94.0,,,,,
98,MDC_IDC_MSMT_BATTERY_VOLTAGE,Numeric,,p4_medtronic,"[2.6, 2.79]",2,,,,,,,,,True,4.0,2.6,2.79,,,,,
99,MDC_IDC_SET_BRADY_MODE,Varchar,,p4_medtronic,"['DDDR', 'DDD']",2,,,,True,"['DDDR', 'DDD']",0.0,0.0,4.0,,,,,,,,,
100,MDC_IDC_SET_BRADY_LOWRATE,Numeric,30–70 bpm,p4_medtronic,"[60.0, 50.0]",2,,,,,,,,,True,4.0,50.0,60.0,100.0,,,,
101,MDC_IDC_SET_BRADY_MAX_TRACKING_RATE,Numeric,,p4_medtronic,"[130.0, 120.0]",2,,,,,,,,,True,4.0,120.0,130.0,,,,,
102,MDC_IDC_SET_BRADY_MAX_SENSOR_RATE,Numeric,,p4_medtronic,[120.0],1,,,,,,,,,True,4.0,120.0,120.0,,,,,
103,MDC_IDC_SET_BRADY_AV_DELAY_LOW,Numeric,,p4_medtronic,"[170.0, 240.0]",2,,,,,,,,,True,4.0,170.0,240.0,,,,,
104,MDC_IDC_SET_LEADCHNL_RA_SENSING_SENSITIVITY,Numeric,0.5–5.0 mV,p4_medtronic,"['0.50', '0.35']",2,,,,,,,,,True,4.0,0.35,0.5,50.0,,,,
105,MDC_IDC_SET_LEADCHNL_RV_SENSING_SENSITIVITY,Numeric,0.5–5.0 mV,p4_medtronic,"['2.00', '2.80']",2,,,,,,,,,True,4.0,2.0,2.8,100.0,,,,
106,MDC_IDC_SET_LEADCHNL_RA_SENSING_POLARITY,Varchar,Unipolar/Bipolar,p4_medtronic,['BI'],1,,,,True,['BI'],0.0,0.0,4.0,,,,,,,,,
107,MDC_IDC_SET_LEADCHNL_RV_SENSING_POLARITY,Varchar,Unipolar/Bipolar,p4_medtronic,['BI'],1,,,,True,['BI'],0.0,0.0,4.0,,,,,,,,,
108,MDC_IDC_SET_LEADCHNL_RA_PACING_AMPLITUDE,Numeric,0.5–7.5 V,p4_medtronic,[1.5],1,,,,,,,,,True,4.0,1.5,1.5,100.0,,,,
109,MDC_IDC_SET_LEADCHNL_RV_PACING_AMPLITUDE,Numeric,0.5–7.5 V,p4_medtronic,[2.0],1,,,,,,,,,True,4.0,2.0,2.0,100.0,,,,
110,MDC_IDC_SET_LEADCHNL_RA_PACING_POLARITY,Varchar,Unipolar/Bipolar,p4_medtronic,['UNI'],1,,,,True,['UNI'],0.0,0.0,4.0,,,,,,,,,
111,MDC_IDC_SET_LEADCHNL_RV_PACING_POLARITY,Varchar,Unipolar/Bipolar,p4_medtronic,['UNI'],1,,,,True,['UNI'],0.0,0.0,4.0,,,,,,,,,
112,MDC_IDC_SET_LEADCHNL_RA_PACING_PULSEWIDTH,Numeric,0.1–1.0 ms,p4_medtronic,[0.4],1,,,,,,,,,True,4.0,0.4,0.4,100.0,,,,
113,MDC_IDC_SET_LEADCHNL_RV_PACING_PULSEWIDTH,Numeric,0.1–1.0 ms,p4_medtronic,[0.4],1,,,,,,,,,True,4.0,0.4,0.4,100.0,,,,
114,MDC_IDC_MSMT_LEADCHNL_RA_IMPEDANCE_VALUE,Numeric,200–2000 Ohms,p4_medtronic,"[572.0, 389.0]",2,,,,,,,,,True,4.0,389.0,572.0,100.0,,,,
115,MDC_IDC_MSMT_LEADCHNL_RV_IMPEDANCE_VALUE,Numeric,,p4_medtronic,"[401.0, 463.0]",2,,,,,,,,,True,4.0,401.0,463.0,,,,,
116,MDC_IDC_MSMT_LEADCHNL_RA_PACING_THRESHOLD_AMPLITUDE,Numeric,0.25–5.0 V,p4_medtronic,[0.5],1,,,,,,,,,True,4.0,0.5,0.5,100.0,,,,
117,MDC_IDC_MSMT_LEADCHNL_RV_PACING_THRESHOLD_AMPLITUDE,Numeric,0.25–5.0 V,p4_medtronic,"[0.625, 0.75]",2,,,,,,,,,True,4.0,0.625,0.75,100.0,,,,
118,MDC_IDC_MSMT_LEADCHNL_RA_PACING_THRESHOLD_PULSEWIDTH,Numeric,0.1–1.0 ms,p4_medtronic,[0.4],1,,,,,,,,,True,4.0,0.4,0.4,100.0,,,,
119,MDC_IDC_MSMT_LEADCHNL_RV_PACING_THRESHOLD_PULSEWIDTH,Numeric,0.1–1.0 ms,p4_medtronic,[0.4],1,,,,,,,,,True,4.0,0.4,0.4,100.0,,,,
120,MDC_IDC_STAT_BRADY_AS_VS_PERCENT,Numeric,0–100%,p4_medtronic,"[67.0, 42.0]",2,,,,,,,,,True,4.0,42.0,67.0,100.0,,,,
121,MDC_IDC_STAT_BRADY_AP_VS_PERCENT,Numeric,0–100%,p4_medtronic,"[5.0, 58.0]",2,,,,,,,,,True,4.0,5.0,58.0,100.0,,,,
122,MDC_IDC_STAT_BRADY_AS_VP_PERCENT,Numeric,0–100%,p4_medtronic,"[25.0, 0.0]",2,,,,,,,,,True,4.0,0.0,25.0,100.0,,,,
123,MDC_IDC_STAT_BRADY_AP_VP_PERCENT,Numeric,0–100%,p4_medtronic,"[2.0, 0.0]",2,,,,,,,,,True,4.0,0.0,2.0,100.0,,,,
124,MDC_IDC_SET_ZONE_TYPE,Varchar,"VT, VF, etc.",p4_medtronic,['ATRIAL_FIBRILLATION'],1,,,,True,['ATRIAL_FIBRILLATION'],0.0,0.0,4.0,,,,,,,,,
125,MDC_IDC_SET_ZONE_DETECTION_INTERVAL,Numeric,≥ 0,p4_medtronic,[342.86],1,,,,,,,,,True,4.0,342.86,342.86,,,,,
126,MDC_IDC_STAT_AT_DTM_START,Datetime,Fecha válida,p4_medtronic,"['20220408103245+0000', '20210715115925+0000']",2,True,{'%Y%m%d%H%M%S%z'},True,,,,,,,,,,,,,,
127,MDC_IDC_STAT_AT_DTM_END,Datetime,Fecha válida,p4_medtronic,"['20220703083846+0000', '20220708115926+0000']",2,True,{'%Y%m%d%H%M%S%z'},True,,,,,,,,,,,,,,
128,MDC_IDC_STAT_AT_BURDEN_PERCENT,Numeric,0–100%,p4_medtronic,"[0.0, 0.1]",2,,,,,,,,,True,4.0,0.0,0.1,100.0,,,,
129,MDC_IDC_STAT_AT_MODE_SW_COUNT,Integer,≥ 0,p4_medtronic,"[6.0, 48.0]",2,,,,,,,,,True,4.0,6.0,48.0,,,,,
130,MDC_IDC_SESS_DTM,Datetime,,p5_microport,"['2024-09-02T02:17:49+02:00', '2024-10-08T01:04:30+02:00', '2024-10-19T00:32:08+02:00']",3,True,{'%Y-%m-%dT%H:%M:%S%z'},True,,,,,,,,,,,,,,
131,MDC_IDC_DEV_TYPE,Varchar,,p5_microport,"['ICD', 'Pacemaker']",2,,,,True,"['ICD', 'Pacemaker']",0.0,0.0,6.0,,,,,,,,,
132,MDC_IDC_DEV_MFG,Varchar,,p5_microport,['Microport'],1,,,,True,['Microport'],0.0,0.0,6.0,,,,,,,,,
133,MDC_IDC_DEV_MODEL,Varchar,,p5_microport,"['TALENTIA DF4 VR 3240', 'ULYS DF4 DR 2540', 'ALIZEA DR 1600']",3,,,,True,"['TALENTIA DF4 VR 3240', 'ULYS DF4 DR 2540', 'ALIZEA DR 1600']",0.0,0.0,6.0,,,,,,,,,
134,MDC_IDC_DEV_SERIAL,Varchar,,p5_microport,"['317JQ035', '221DU181', '025GB06C']",3,,,,True,"['317JQ035', '221DU181', '025GB06C']",0.0,0.0,6.0,,,,,,,,,
135,MDC_IDC_DEV_IMPLANT_DT,Date,Fecha válida,p5_microport,"['2024-06-03', '2022-10-05']",2,True,{'%Y-%m-%d'},True,,,,,,,,,,,,,,
136,MDC_IDC_MSMT_BATTERY_VOLTAGE,Numeric,,p5_microport,"[3.22, 3.07, 2.99]",3,,,,,,,,,True,6.0,2.99,3.22,,,,,
137,MDC_IDC_SET_BRADY_MODE,Varchar,,p5_microport,"['VVI', 'SafeR', 'DDDR']",3,,,,True,"['VVI', 'SafeR', 'DDDR']",0.0,0.0,6.0,,,,,,,,,
138,MDC_IDC_SET_BRADY_LOWRATE,Numeric,30–70 bpm,p5_microport,"[40.0, 50.0, 60.0]",3,,,,,,,,,True,6.0,40.0,60.0,100.0,,,,
139,MDC_IDC_SET_BRADY_MAX_TRACKING_RATE,Numeric,,p5_microport,"[135.0, 120.0]",2,,,,,,,,,True,4.0,120.0,135.0,,,,,
140,MDC_IDC_SET_BRADY_MAX_SENSOR_RATE,Numeric,,p5_microport,"[135.0, 120.0]",2,,,,,,,,,True,4.0,120.0,135.0,,,,,
141,MDC_IDC_SET_BRADY_AV_DELAY_LOW,Numeric,,p5_microport,"[235.0, 170.0]",2,,,,,,,,,True,4.0,170.0,235.0,,,,,
142,MDC_IDC_SET_BRADY_AV_DELAY_HIGH,Numeric,,p5_microport,"[100.0, 125.0]",2,,,,,,,,,True,4.0,100.0,125.0,,,,,
143,MDC_IDC_SET_BRADY_HYSTRATE,Numeric,,p5_microport,[0.0],1,,,,,,,,,True,6.0,0.0,0.0,,,,,
144,MDC_IDC_SET_LEADCHNL_RA_SENSING_SENSITIVITY,Numeric,0.5–5.0 mV,p5_microport,"['0.4', '1.00']",2,,,,,,,,,True,4.0,0.4,1.0,50.0,,,,
145,MDC_IDC_SET_LEADCHNL_RV_SENSING_SENSITIVITY,Numeric,0.5–5.0 mV,p5_microport,"['0.4', '1.50']",2,,,,,,,,,True,6.0,0.4,1.5,33.33333333333333,,,,
146,MDC_IDC_SET_LEADCHNL_RA_SENSING_POLARITY,Varchar,Unipolar/Bipolar,p5_microport,['B'],1,,,,True,['B'],0.0,0.0,4.0,,,,,,,,,
147,MDC_IDC_SET_LEADCHNL_RV_SENSING_POLARITY,Varchar,Unipolar/Bipolar,p5_microport,['B'],1,,,,True,['B'],0.0,0.0,6.0,,,,,,,,,
148,MDC_IDC_SET_LEADCHNL_RA_PACING_AMPLITUDE,Numeric,0.5–7.5 V,p5_microport,"[3.5, 2.0]",2,,,,,,,,,True,4.0,2.0,3.5,100.0,,,,
149,MDC_IDC_SET_LEADCHNL_RV_PACING_AMPLITUDE,Numeric,0.5–7.5 V,p5_microport,"[2.5, 3.5, 2.0]",3,,,,,,,,,True,6.0,2.0,3.5,100.0,,,,
150,MDC_IDC_SET_LEADCHNL_RA_PACING_POLARITY,Varchar,Unipolar/Bipolar,p5_microport,['B'],1,,,,True,['B'],0.0,0.0,4.0,,,,,,,,,
151,MDC_IDC_SET_LEADCHNL_RV_PACING_POLARITY,Varchar,Unipolar/Bipolar,p5_microport,"['B', 'U']",2,,,,True,"['B', 'U']",0.0,0.0,6.0,,,,,,,,,
152,MDC_IDC_SET_LEADCHNL_RA_PACING_PULSEWIDTH,Numeric,0.1–1.0 ms,p5_microport,[0.5],1,,,,,,,,,True,4.0,0.5,0.5,100.0,,,,
153,MDC_IDC_SET_LEADCHNL_RV_PACING_PULSEWIDTH,Numeric,0.1–1.0 ms,p5_microport,"[0.35, 0.5]",2,,,,,,,,,True,6.0,0.35,0.5,100.0,,,,
154,MDC_IDC_MSMT_LEADCHNL_RA_IMPEDANCE_VALUE,Numeric,200–2000 Ohms,p5_microport,[367.24],1,,,,,,,,,True,2.0,367.24,367.24,100.0,,,,
155,MDC_IDC_MSMT_LEADCHNL_RV_IMPEDANCE_VALUE,Numeric,,p5_microport,[575.51],1,,,,,,,,,True,2.0,575.51,575.51,,,,,
156,MDC_IDC_MSMT_LEADCHNL_RA_SENSING_INTR_AMPL,Numeric,0.1–10.0 mV,p5_microport,"[3.22, 2.83]",2,,,,,,,,,True,4.0,2.83,3.22,100.0,,,,
157,MDC_IDC_MSMT_LEADCHNL_RV_SENSING_INTR_AMPL,Numeric,0.1–20.0 mV,p5_microport,"[15.37, 6.75]",2,,,,,,,,,True,6.0,6.75,15.37,100.0,,,,
158,MDC_IDC_MSMT_LEADCHNL_RA_PACING_THRESHOLD_AMPLITUDE,Numeric,0.25–5.0 V,p5_microport,[0.5],1,,,,,,,,,True,4.0,0.5,0.5,100.0,,,,
159,MDC_IDC_MSMT_LEADCHNL_RV_PACING_THRESHOLD_AMPLITUDE,Numeric,0.25–5.0 V,p5_microport,"[1.0, 0.75, 0.25]",3,,,,,,,,,True,6.0,0.25,1.0,100.0,,,,
160,MDC_IDC_MSMT_LEADCHNL_RA_PACING_THRESHOLD_PULSEWIDTH,Numeric,0.1–1.0 ms,p5_microport,[0.5],1,,,,,,,,,True,4.0,0.5,0.5,100.0,,,,
161,MDC_IDC_MSMT_LEADCHNL_RV_PACING_THRESHOLD_PULSEWIDTH,Numeric,0.1–1.0 ms,p5_microport,"[0.35, 0.5]",2,,,,,,,,,True,6.0,0.35,0.5,100.0,,,,
